INSERT INTO "users" (id, username, email, role) VALUES
  ('cusr00000000000000000001', 'alice', 'alice@example.com', 'user'),
  ('cusr00000000000000000002', 'bobby', 'bob@example.com', 'user'),
  ('cusr00000000000000000003', 'carolyn', 'carol@example.com', 'user'),
  ('cusr00000000000000000004', 'davida', 'dave@example.com', 'user'),
  ('cusr00000000000000000005', 'evelyn', 'eve@example.com', 'user'),
  ('cusr00000000000000000006', 'frankie', 'frank@example.com', 'user'),
  ('cusr00000000000000000007', 'grace', 'grace@example.com', 'user'),
  ('cusr00000000000000000008', 'heidi', 'heidi@example.com', 'user'),
  ('cusr00000000000000000009', 'ivanhoe', 'ivan@example.com', 'user'),
  ('cusr00000000000000000010', 'judith', 'judy@example.com', 'vendor_owner');--> statement-breakpoint
INSERT INTO "profiles" (id, full_name, bio, gender, date_of_birth) VALUES
  ('cusr00000000000000000001', 'Alice Smith', 'Bio 1', 'female', '1990-01-01'),
  ('cusr00000000000000000002', 'Bobby Jones', 'Bio 2', 'male', '1989-02-02'),
  ('cusr00000000000000000003', 'Carolyn White', 'Bio 3', 'female', '1991-03-03'),
  ('cusr00000000000000000004', 'Davida Black', 'Bio 4', 'male', '1992-04-04'),
  ('cusr00000000000000000005', 'Evelynn Green', 'Bio 5', 'female', '1993-05-05'),
  ('cusr00000000000000000006', 'Frankie Blue', 'Bio 6', 'male', '1994-06-06'),
  ('cusr00000000000000000007', 'Grace Red', 'Bio 7', 'female', '1995-07-07'),
  ('cusr00000000000000000008', 'Heidi Yellow', 'Bio 8', 'female', '1996-08-08'),
  ('cusr00000000000000000009', 'Ivanhoe Purple', 'Bio 9', 'male', '1997-09-09'),
  ('cusr00000000000000000010', 'Judith Orange', 'Bio 10', 'female', '1998-10-10');--> statement-breakpoint
INSERT INTO "vendors" (id, owner_id, name, description, image, address) VALUES
 ('cvdr00000000000000000001', 'cusr00000000000000000010', 'Skibidi Store', 'Best vendor', 'https://example.com/images/vendor1.jpg', '123 Vendor St');--> statement-breakpoint
INSERT INTO "categories" (id, name, image) VALUES 
  ('ccat00000000000000000001', 'Electronics', 'https://example.com/images/electronics.jpg'),
  ('ccat00000000000000000002', 'Books', 'https://example.com/images/books.jpg'),
  ('ccat00000000000000000003', 'Clothing', 'https://example.com/images/clothing.jpg'),
  ('ccat00000000000000000004', 'Home', 'https://example.com/images/home.jpg'),
  ('ccat00000000000000000005', 'Toys', 'https://example.com/images/toys.jpg'),
  ('ccat00000000000000000006', 'Sports', 'https://example.com/images/sports.jpg'),
  ('ccat00000000000000000007', 'Beauty', 'https://example.com/images/beauty.jpg'),
  ('ccat00000000000000000008', 'Garden', 'https://example.com/images/garden.jpg'),
  ('ccat00000000000000000009', 'Automotive', 'https://example.com/images/automotive.jpg'),
  ('ccat00000000000000000010', 'Music', 'https://example.com/images/music.jpg');--> statement-breakpoint
INSERT INTO "products" (id, vendor_id, category_id, sku, name, description, price) VALUES   
  ('cprd00000000000000000001', 'cvdr00000000000000000001', 'ccat00000000000000000001', 'SKU001', 'Smartphone', 'Latest smartphone', 699.99),
  ('cprd00000000000000000002', 'cvdr00000000000000000001', 'ccat00000000000000000002', 'SKU002', 'Novel', 'Bestselling novel', 19.99),
  ('cprd00000000000000000003', 'cvdr00000000000000000001', 'ccat00000000000000000003', 'SKU003', 'T-Shirt', 'Comfortable cotton T-shirt', 14.99),
  ('cprd00000000000000000004', 'cvdr00000000000000000001', 'ccat00000000000000000004', 'SKU004', 'Desk Lamp', 'LED desk lamp', 39.99),
  ('cprd00000000000000000005', 'cvdr00000000000000000001', 'ccat00000000000000000005', 'SKU005', 'Action Figure', 'Collectible action figure', 24.99),
  ('cprd00000000000000000006', 'cvdr00000000000000000001', 'ccat00000000000000000006', 'SKU006', 'Basketball', 'Official size basketball', 29.99),
  ('cprd00000000000000000007', 'cvdr00000000000000000001', 'ccat00000000000000000007', 'SKU007', 'Face Cream', 'Hydrating face cream', 15.99),
  ('cprd00000000000000000008', 'cvdr00000000000000000001', 'ccat00000000000000000008', 'SKU008', 'Garden Shovel', 'Durable garden shovel', 22.99),
  ('cprd00000000000000000009', 'cvdr00000000000000000001', 'ccat00000000000000000009', 'SKU009', 'Car Vacuum', 'Portable car vacuum cleaner', 45.99),
  ('cprd00000000000000000010', 'cvdr00000000000000000001', 'ccat00000000000000000010', 'SKU010', 'Guitar Strings', 'Set of guitar strings', 9.99),
  ('cprd00000000000000000011', 'cvdr00000000000000000001', 'ccat00000000000000000001', 'SKU011', 'Wireless Earbuds', 'Noise-cancelling earbuds', 129.99),
  ('cprd00000000000000000012', 'cvdr00000000000000000001', 'ccat00000000000000000004', 'SKU012', 'Electric Kettle', 'Fast boiling kettle', 49.99);--> statement-breakpoint
INSERT INTO "product_images" (id, product_id, url) VALUES 
  ('cimg00000000000000000001', 'cprd00000000000000000001', 'https://example.com/images/smartphone.jpg'),
  ('cimg00000000000000000002', 'cprd00000000000000000002', 'https://example.com/images/novel.jpg'),
  ('cimg00000000000000000003', 'cprd00000000000000000003', 'https://example.com/images/tshirt.jpg'),
  ('cimg00000000000000000004', 'cprd00000000000000000004', 'https://example.com/images/desklamp.jpg'),
  ('cimg00000000000000000005', 'cprd00000000000000000005', 'https://example.com/images/actionfigure.jpg'),
  ('cimg00000000000000000006', 'cprd00000000000000000006', 'https://example.com/images/basketball.jpg'),
  ('cimg00000000000000000007', 'cprd00000000000000000007', 'https://example.com/images/facecream.jpg'),
  ('cimg00000000000000000008', 'cprd00000000000000000008', 'https://example.com/images/gardenshovel.jpg'),
  ('cimg00000000000000000009', 'cprd00000000000000000009', 'https://example.com/images/carvacuum.jpg'),
  ('cimg00000000000000000010', 'cprd00000000000000000010', 'https://example.com/images/guitarstrings.jpg'),
  ('cimg00000000000000000011', 'cprd00000000000000000011', 'https://example.com/images/earbuds.jpg'),
  ('cimg00000000000000000012', 'cprd00000000000000000012', 'https://example.com/images/kettle.jpg');--> statement-breakpoint
INSERT INTO "product_variants" (id, product_id, name) VALUES 
  ('cvar00000000000000000001', 'cprd00000000000000000001', 'Color'),
  ('cvar00000000000000000002', 'cprd00000000000000000002', 'Edition'),
  ('cvar00000000000000000003', 'cprd00000000000000000003', 'Size'),
  ('cvar00000000000000000004', 'cprd00000000000000000004', 'Color'),
  ('cvar00000000000000000005', 'cprd00000000000000000005', 'Edition'),
  ('cvar00000000000000000006', 'cprd00000000000000000006', 'Type'),
  ('cvar00000000000000000007', 'cprd00000000000000000007', 'Pack'),
  ('cvar00000000000000000008', 'cprd00000000000000000008', 'Handle Length'),
  ('cvar00000000000000000009', 'cprd00000000000000000009', 'Power'),
  ('cvar00000000000000000010', 'cprd00000000000000000010', 'Thickness'),
  ('cvar00000000000000000011', 'cprd00000000000000000011', 'Color'),
  ('cvar00000000000000000012', 'cprd00000000000000000012', 'Capacity');--> statement-breakpoint
INSERT INTO "product_variant_options" (id, variant_id, value, stock, extra_price) VALUES
  ('copt00000000000000000001', 'cvar00000000000000000001', 'Black', 10, 0),
  ('copt00000000000000000002', 'cvar00000000000000000001', 'White', 5, 0),
  ('copt00000000000000000003', 'cvar00000000000000000002', 'Hardcover', 3, 5.00),
  ('copt00000000000000000004', 'cvar00000000000000000002', 'Paperback', 7, 0),
  ('copt00000000000000000005', 'cvar00000000000000000003', 'S', 10, 0),
  ('copt00000000000000000006', 'cvar00000000000000000003', 'M', 8, 0),
  ('copt00000000000000000007', 'cvar00000000000000000003', 'L', 5, 0),
  ('copt00000000000000000008', 'cvar00000000000000000004', 'Black', 6, 0),
  ('copt00000000000000000009', 'cvar00000000000000000004', 'Silver', 4, 0),
  ('copt00000000000000000010', 'cvar00000000000000000005', 'Standard', 7, 0),
  ('copt00000000000000000011', 'cvar00000000000000000005', 'Collector', 3, 10.00),
  ('copt00000000000000000012', 'cvar00000000000000000006', 'Indoor', 5, 0),
  ('copt00000000000000000013', 'cvar00000000000000000006', 'Outdoor', 5, 0),
  ('copt00000000000000000014', 'cvar00000000000000000007', 'Single', 10, 0),
  ('copt00000000000000000015', 'cvar00000000000000000007', 'Double', 5, 3.00),
  ('copt00000000000000000016', 'cvar00000000000000000008', 'Short', 7, 0),
  ('copt00000000000000000017', 'cvar00000000000000000008', 'Long', 5, 1.50),
  ('copt00000000000000000018', 'cvar00000000000000000009', '60W', 6, 0),
  ('copt00000000000000000019', 'cvar00000000000000000009', '120W', 4, 5.00),
  ('copt00000000000000000020', 'cvar00000000000000000010', 'Light', 15, 0),
  ('copt00000000000000000021', 'cvar00000000000000000010', 'Medium', 12, 1.00),
  ('copt00000000000000000022', 'cvar00000000000000000011', 'Black', 8, 0),
  ('copt00000000000000000023', 'cvar00000000000000000011', 'White', 6, 0),
  ('copt00000000000000000024', 'cvar00000000000000000012', '1L', 5, 0),
  ('copt00000000000000000025', 'cvar00000000000000000012', '2L', 4, 4.00);--> statement-breakpoint
